sku,nombre_actual,nombre_nuevo
79205,Alfombrilla,Alfombrilla refrescante 70 cm
79400,Alimentador,Tapete alimentador lento
87223,Arco,Arco rascador masajeador
79441,Arenero,Arenero semicerrado con pala
79622,Arnes,Arnés zigzag talla S
79623,Arnes,Arnés zigzag talla M
81190,Arnes,Arnés degradado talla S
81191,Arnes,Arnés degradado talla M
81210,Arnes,Arnés estampado étnico talla M
81211,Arnes,Arnés estampado étnico talla L
81295,Arnes+correa,Arnés con moño y correa talla S
75545,Arnés acolchado,Arnés acolchado reflectivo talla S
75546,Arnés acolchado,Arnés acolchado reflectivo talla M
75547,Arnés acolchado,Arnés acolchado reflectivo talla L
81261,Arnés ajustable,Arnés ajustable degradado talla S
75374,Arnés chaleco,Arnés chaleco con correa talla XS
75375,Arnés chaleco,Arnés chaleco con correa talla S
75376,Arnés chaleco,Arnés chaleco con correa talla M
75587,Arnés chaleco,Arnés chaleco estampado talla XS
82883,Arnés chaleco,Arnés chaleco animalitos talla S
83086,Arnés chaleco,Arnés chaleco reversible talla S
83087,Arnés chaleco,Arnés chaleco reversible talla M
83088,Arnés chaleco,Arnés chaleco reversible talla L
83094,Arnés chaleco,Arnés chaleco mochila talla M
75580,Arnés correa,Arnés estampado con correa talla S
75581,Arnés correa,Arnés estampado con correa talla M
75582,Arnés correa,Arnés estampado con correa talla L
79661,Arnés correa,Arnés ajustable con correa
79676,Arnés correa,Arnés floral con correa
79682,Arnés correa,Arnés de cuadros con correa
79721,Arnés correa,Arnés de encaje para gato
81296,Arnés correa,Arnés vichy con moño para gato
81303,Arnés correa,Arnés bordado de conejo para gato
79724,Arnés h,Arnés H de nylon talla S
79725,Arnés h,Arnés H de nylon talla M
75677,Arnés nylon,Arnés de nylon básico talla S
75678,Arnés nylon,Arnés de nylon básico talla M
75679,Arnés nylon,Arnés de nylon básico talla L
75680,Arnés nylon,Arnés de nylon básico talla XL
81180,Arnés nylon,Arnés Y de nylon talla M
75635,Arnés sujeción,Arnés de baño con ventosas talla XS
75636,Arnés sujeción,Arnés de baño con ventosas talla S
81282,Arnés vestido,Arnés vestido con moño talla M
00067,Aro,Aro dental 8 cm
85359,Aro,Aro de goma para halar
862053,Bebedero,Bebedero portátil de paseo
83195,Bolso,Bolso transportador de malla
83206,Bolso,Bolso transportador semirrígido
83208,Bolso para mascota,Mochila rosada con malla
83210,Bolso para mascota,Mochila de mezclilla
83212,Bolso para mascota,Bolso de viaje con visor
00065,Botón,Botón grabador de voz
75384,Bozal,Bozal de cesta talla L
85910,Buzo outdoor,Buzo con capucha outdoor
55801,Cama rectangular,Cama sofá rectangular
55802,Cama rectangular,Cama sofá verde
77149,Cama redonda,Cama redonda acolchada 60 cm
85909,Camiseta basketball,Camiseta de basketball
85908,Camiseta carita,Camiseta carita de perro
85321,Camiseta fútbol,Camiseta de fútbol Argentina
86011,Camiseta Navideña,Camiseta navideña de renos
86016,Camiseta Navideña,Camiseta Santa azul
86017,Camiseta Navideña,Camiseta Santa blanca
83214,Casa carpa,Casa carpa plegable
147359,Caña,Caña con ratón
88005,Cepillo baño,Cepillo de baño con dispensador
88006,Cepillo silicona,Cepillo de silicona para baño
87189,Cepillo deslanador,Cepillo deslanador 15 cm
87190,Cepillo deslanador,Cepillo deslanador doble
82479,Cepillo quita,Cepillo quitapelo mango rojo
82480,Cepillo quita,Cepillo quitapelo doble cerda
75593,Cinturón,Cinturón de seguridad para auto
79845,Cola,Cola de plumas
79685,Collar,Collar de nylon talla M
81194,Collar,Collar degradado talla S
81213,Collar,Collar estampado talla M
88099,Collar,Collar luminoso 36 cm
88147,Collar,Collar de cadena
87255,Collar repelente,Collar antipulgas gato
87256,Collar repelente,Collar antipulgas perro
87258,Collar repelente,Collar antipulgas 8 meses
82869,Collar corbatín,Collar corbatín frutal talla M
00098,Collar gato,Collar con láser para gato
87075,Collar isabelino,Collar isabelino talla 68.5 cm
87076,Collar isabelino,Collar isabelino talla 62 cm
87077,Collar isabelino,Collar isabelino talla 54.3 cm
87079,Collar isabelino,Collar isabelino talla 42.7 cm
87080,Collar isabelino,Collar isabelino talla 36 cm
87081,Collar isabelino,Collar isabelino talla 30 cm
87030,Collar luz,Collar LED ajustable 70 cm
82682,Comedero doble,Comedero doble de acero
88171,Comedero doble,Comedero doble inclinado
79618,Correa,Correa zigzag talla M
79722,Correa,Arnés con correa para gato talla S
79723,Correa,Arnés con correa para gato talla M
81178,Correa,Correa degradada talla L
81188,Correa,Correa degradada pastel talla L
81207,Correa estampada,Correa estampada talla M
81208,Correa,Correa estampada talla L
81924,Correa,Correa de cuerda 150 cm
79642,Correa soga,Correa de soga trenzada
75387,Correa corta,Correa corta reflectiva
75462,Correa corta,Correa corta mango de goma
81936,Correa nylon,Correa de nylon acolchada
75291,Correa redonda,Correa redonda 1.5 m
75292,Correa redonda,Correa larga de 3 m
75293,Correa redonda,Correa de entrenamiento 6 m
79484,Correa retráctil,Correa retráctil con luz
88226,Cortaunas,Cortaúñas tipo alicate
87173,Cuchara,Cuchara medidora digital
82416,Disfraz,Disfraz de pollo
82420,Disfraz,Disfraz overol azul
82429,Disfraz,Disfraz de vaquero
75564,Dispensador bolsas,Riñonera para bolsas
88063,Dispensador bolsas,Dispensador con clip para bolsas
85432,Dispensador y bolsas para desechos,Dispensador tipo café para bolsas
85433,Dispensador y bolsas para desechos,Dispensador reflectivo para bolsas
85434,Dispensador y bolsas para desechos,Dispensador popó para bolsas
00109,Dispensador premios,Bola dispensadora de premios
85222,Frisbee,Frisbee de tela 18 cm
79534,Fuente de agua,Fuente de acero 3.2 L
87289,Fuente de agua,Fuente de acero 2 L
81500,Funda,Funda hamaca para auto
81503,Funda,Funda para asiento de auto
81504,Funda,Funda individual para asiento
79344,Gorra,Gorra con orejas
60088,Guante,Guante quitapelo de goma
71090,Herramienta,Removedor de pelaje talla S
71091,Herramienta,Removedor de pelaje talla M
71092,Herramienta,Deslanador mango amarillo
71093,Herramienta,Deslanador mango morado
82490,Hueso,Hueso de goma 17 cm
88079,Hueso,Hueso dental talla S
88081,Hueso,Hueso dental talla L
83472,Jeringa,Jeringa dosificadora
147363,Juguete,Juguete para gato
79974,Juguete,Torre rascadora 115 cm
79976,Juguete,Cama rascadora con orejas
82528,Juguete,Juguete pesa de goma
82540,Juguete,Cuerda con nudos 20 cm
85333,Juguete,Peluches de animales con cuerda
85340,Juguetes cabeza,Peluche cabeza con cuerda
85361,Juguete,Disco volador de goma talla M
85362,Juguete,Disco volador de goma talla L
86605,Juguete,Juguete cangrejo
87222,Juguete,Caja rascadora interactiva
88089,Juguete,Juguete en forma de hueso
87193,Juguete bola,Bola con cascabel y cola
89028,Juguete bola,Bola con cuerda elástica
79314,Juguete cuerda,Cuerda para halar
82602,Juguete cuerda,Pato de cuerda trenzada
82929,Juguete cuerda,Cuerda con chillador
87123,Juguete cuerda,Mancuerna de cuerda
87116,Juguete dental,Juguete dental piña
87117,Juguete dental,Juguete dental zanahoria
87118,Juguete dental,Juguete dental berenjena
87198,Juguete dental,Rodillo dental pequeño
87199,Juguete dental,Rodillo dental grande
88088,Juguete dental,Bolo dispensador de premios
00097,Juguete eléctrico,Mariposa giratoria eléctrica
00099,Juguete eléctrico,Ratón eléctrico
00107,Juguete eléctrico,Pelota colgante para puerta
00118,Juguete interactivo,Torre de pelotas para gato
88090,Juguete lanzador,Lanzador de pelota de tenis
87212,Lanzador,Lanzador de discos hamburguesa
82199,Juguete llanta,Llanta dentada de goma
79961,Juguete mordedor,Mordedor tipo poste talla XL
86601,Juguete Navideño,Juguete navideño regalo
86616,Juguete Navideño,Juguete navideño tren
89041,Juguete para gato,Bolas de tela para gato
89042,Juguete para gato,Bolas con plumas para gato
89047,Juguete para gato,Gatito de juguete
85330,Juguete pato,Pato amarillo con chillador
88106,Juguete tela,Juguete de tela en X
85334,Juguetes caramelo,Caramelos de tela
81166,Juguetes vinil,Animalitos de vinil
87203,Kit,Kit de cepillo dental
86955,Lampara solar,Lámpara solar
88083,Mancuerna,Mancuerna dental talla S
88086,Mancuerna,Mancuerna dental talla M
00059,Manta,Manta polar de huellas
74273,Manta,Manta refrescante talla S
82740,Pala,Pala para arena
61403,Pañal para perros,Pañal para hembra
79073,Pañal para perros,Pañal para macho
74546,Pelota goma,Pelota maciza grande
74835,Pelota goma,Pelota maciza pequeña
82493,Pelota goma,Pelota chillona grande
82494,Pelota goma,Pelota chillona pequeña
88092,Pelota goma,Pelota texturizada talla S
88093,Pelota goma,Pelota texturizada talla M
88094,Pelota goma,Pelota texturizada talla L
82367,Peluche búho,Peluche búho alado
89026,Peluche búho,Peluche búho morado
89025,Peluches búho,Peluche búho tejido
82307,Peluche pulpo,Peluche pulpo pequeño
85329,Peluche pulpo,Peluche pulpo tentáculos largos
82781,Pulpo,Pulpo reversible
88069,Plato,Plato con mosquetón plegable
88070,Plato,Plato plegable de silicona
88016,Quita,Quita pelusas de bolsillo
82524,Repuestos,Repuesto de rodillos
87035,Rascador cartón,Rascador curvo 42 cm
87174,Rascador cartón,Rascador redondo 40 cm
87177,Rascador cartón,Rascador ovalado grande
87179,Rascador cartón,Rascador ovalado mediano
89062,Rascador cartón,Rascador búho con varita
89063,Rascador cartón,Rascador pez con varita
66475,Rascador varita,Rascador con pista y varita
82471,Rastrillo,Rastrillo deslanador
00010,Ropa para mascotas,Vestido de tela
82983,Ropa para mascotas,Ropa de rayas
85319,Ropa para mascotas,Camiseta Lakers
85325,Ropa para mascotas,Camiseta Adidas
85326,Ropa para mascotas,Camiseta Nike
83368,Set prensas,Prensas girasol
83370,Set prensas,Prensas de fresa
88048,Set prensas,Prensas de cuadros
88012,Shampoo,Shampoo seco en polvo
86015,Suéter Navideño,Suéter navideño tejido
86019,Suéter Navideño,Suéter navideño de reno
83483,Taza,Taza lavapatas
83484,Taza,Lavapatas con tapa
79577,Taza para mascota,Comedero lento para perro
87274,Taza para mascota,Comedero redondo pequeño 22 cm
87275,Taza para mascota,Comedero redondo grande 26 cm
pv2602,Toallita humeda para mascota,Toallitas para perro
pv2603,Toallita humeda para mascota,Toallitas para gato
88015,Toallitas,Toallitas para patas
87144,Transportador,Kennel pequeño 32 cm
87145,Transportador,Kennel mediano 58 cm
88043,Túnel,Túnel plegable
147123,Varita juguete,Varita telescópica
82795,Varita paleta,Varita con paleta de plumas
81119,Varita pez,Varita con pez
79814,Varita plumas,Varita de plumas con cascabel
82844,Varitas,Varitas de plumas
85407,Removedor de pelo para mascotas,Rodillo quitapelo verde
88158,Removedor de pelo para mascotas,Rodillo adhesivo quitapelo
85517,Taza para mascota,Taza de acero para gato
85522,Taza para mascota,Taza elevada con orejas
ZDG-7908471105985,Zee.Dog Airtag Holder Gotham,Porta AirTag Gotham Zee.Dog
ZDG-7908471106005,Zee.Dog Airtag Holder Jelly,Porta AirTag Jelly Zee.Dog
ZDG-7908471105992,Zee.Dog Airtag Holder Lime,Porta AirTag Lime Zee.Dog
ZDG-7898582486069,Zee.Dog Amazonia - Collar neopro contra agua para gato,Collar Neopro Amazonia para gato
ZDG-7898582487875,Zee.Dog Brainies - Juguete para perro Brain Dead,Brainies Brain Dead Zee.Dog
ZDG-7898582487868,Zee.Dog Brainies - Juguete para perro Brain Freeze,Brainies Brain Freeze Zee.Dog
ZDG-7898582487882,Zee.Dog Brainies - Juguete para perro Brain Fried,Brainies Brain Fried Zee.Dog
ZDG-7898582501441,Zee.Dog Brick - Juguete para perro,Juguete Brick Zee.Dog
ZDG-7908471104179,Zee.Dog Galaxy - Arnes Flyharness para perros Talla 2,Arnés Flyharness Galaxy talla 2
ZDG-7908471104186,Zee.Dog Galaxy - Arnes Flyharness para perros Talla 3,Arnés Flyharness Galaxy talla 3
ZDG-7908471104193,Zee.Dog Galaxy - Arnes Flyharness para perros Talla 4,Arnés Flyharness Galaxy talla 4
ZDG-7908253606822,Zee.Dog Gazelle - Arnes Flyharness para perros Talla 2,Arnés Flyharness Gazelle talla 2
ZDG-7908253606846,Zee.Dog Gazelle - Arnes Flyharness para perros Talla 4,Arnés Flyharness Gazelle talla 4
ZDG-7908253606730,Zee.Dog Gazelle - Correa manos libres para perros,Correa manos libres Gazelle
ZDG-7898582479931,Zee.Dog Gotham - Arnes H para perros Extra Small,Arnés H Gotham Zee.Dog talla XS
ZDG-7898582479900,Zee.Dog Gotham - Arnes H para perros Large,Arnés H Gotham Zee.Dog talla L
ZDG-7898582479917,Zee.Dog Gotham - Arnes H para perros Medium,Arnés H Gotham Zee.Dog talla M
ZDG-7898582479924,Zee.Dog Gotham - Arnes H para perros Small,Arnés H Gotham Zee.Dog talla S
ZDG-7898582479849,Zee.Dog Gotham - Collar para perros Extra Small,Collar Gotham Zee.Dog talla XS
ZDG-7898582479818,Zee.Dog Gotham - Collar para perros Large,Collar Gotham Zee.Dog talla L
ZDG-7898582479825,Zee.Dog Gotham - Collar para perros Medium,Collar Gotham Zee.Dog talla M
ZDG-7898582479870,Zee.Dog Gotham - Correa para perro Extra Small,Correa Gotham Zee.Dog talla XS
ZDG-7898582479856,Zee.Dog Gotham - Correa para perro Large,Correa Gotham Zee.Dog talla L
ZDG-7898582479863,Zee.Dog Gotham - Correa para perro Small,Correa Gotham Zee.Dog talla S
ZDG-7898582514519,Zee.Dog Gotham - Correa Ruffleash para perros Large,Correa Ruffleash Gotham talla L
ZDG-7898582514526,Zee.Dog Gotham - Correa Ruffleash para perros Small,Correa Ruffleash Gotham talla S
ZDG-7908471118701,Zee.Dog Gotham - Pechera anti-jalones Softer-Walk Large,Pechera Softer-Walk Gotham talla L
ZDG-7908471118695,Zee.Dog Gotham - Pechera anti-jalones Softer-Walk Medium,Pechera Softer-Walk Gotham talla M
ZDG-7908471121428,Zee.Dog Gotham - Pechera anti-jalones Softer-Walk Small,Pechera Softer-Walk Gotham talla S
ZDG-7898582483747,Zee.Dog Hooky Monkeys - Juguete para perro Hooky Dooky,Juguete Hooky Dooky Zee.Dog
ZDG-7908471115731,Zee.Dog Mellow - Correa Ruffleash para perros Large,Correa Ruffleash Mellow talla L
ZDG-7908471115724,Zee.Dog Mellow - Correa Ruffleash para perros Small,Correa Ruffleash Mellow talla S
ZDG-7908471115052,Zee.Dog Mellow - Pechera anti-jalones Softer-Walk Large,Pechera Softer-Walk Mellow talla L
ZDG-7908471115045,Zee.Dog Mellow - Pechera anti-jalones Softer-Walk Medium,Pechera Softer-Walk Mellow talla M
ZDG-7908471121374,Zee.Dog Mellow - Pechera anti-jalones Softer-Walk Small,Pechera Softer-Walk Mellow talla S
ZDG-7898582472093,Zee.Dog Phantom - Arnes para gato,Arnés Phantom para gato
ZDG-7898582454464,Zee.Dog Phantom - Collar para gato,Collar Phantom para gato
ZDG-7898582476107,Zee.Dog Prisma - Arnes H para perros Extra Small,Arnés H Prisma Zee.Dog talla XS
ZDG-7898582476077,Zee.Dog Prisma - Arnes H para perros Large,Arnés H Prisma Zee.Dog talla L
ZDG-7898582476084,Zee.Dog Prisma - Arnes H para perros Medium,Arnés H Prisma Zee.Dog talla M
ZDG-7898582476091,Zee.Dog Prisma - Arnes H para perros Small,Arnés H Prisma Zee.Dog talla S
ZDG-7898582476367,Zee.Dog Prisma - Arnes para gato,Arnés Prisma para gato
ZDG-7898582475872,Zee.Dog Prisma - Collar para perros Large,Collar Prisma Zee.Dog talla L
ZDG-7898582475889,Zee.Dog Prisma - Collar para perros Medium,Collar Prisma Zee.Dog talla M
ZDG-7898582475896,Zee.Dog Prisma - Collar para perros Small,Collar Prisma Zee.Dog talla S
ZDG-7898582476015,Zee.Dog Prisma - Correa para perro Extra Small,Correa Prisma Zee.Dog talla XS
ZDG-7898582475995,Zee.Dog Prisma - Correa para perro Large,Correa Prisma Zee.Dog talla L
ZDG-7898582476008,Zee.Dog Prisma - Correa para perro Small,Correa Prisma Zee.Dog talla S
ZDG-7908253608116,Zee.Dog Puff - Collar para gato,Collar Puff para gato
ZDG-7908253606921,Zee.Dog Slam Dunk - Arnes Flyharness para perros Talla 2,Arnés Flyharness Slam Dunk talla 2
ZDG-7908253606938,Zee.Dog Slam Dunk - Arnes Flyharness para perros Talla 3,Arnés Flyharness Slam Dunk talla 3
ZDG-7908253606945,Zee.Dog Slam Dunk - Arnes Flyharness para perros Talla 4,Arnés Flyharness Slam Dunk talla 4
ZDG-7898582460779,Zee.Dog Super Banano - Juguete para perro,Juguete Super Banano Zee.Dog
ZDG-7898582460762,Zee.Dog Super Pera - Juguete para perro,Juguete Super Pera Zee.Dog
ZDG-7898582486076,Zee.Dog Tangerine - Collar neopro contra agua para gato,Collar Neopro Tangerine para gato
ZDG-7908471109631,Zee.Dog Tidal - Arnes-H Neopro contra agua Large,Arnés H Neopro Tidal talla L
ZDG-7908471109617,Zee.Dog Tidal - Arnes-H Neopro contra agua Small,Arnés H Neopro Tidal talla S
ZDG-7908471109594,Zee.Dog Tidal - Correa Neopro contra agua Large,Correa Neopro Tidal talla L
ZDG-7908471109587,Zee.Dog Tidal - Correa Neopro contra agua Small,Correa Neopro Tidal talla S
ZDG-7898582501472,Zee.Dog Tripod - Juguete para perro,Juguete Tripod Zee.Dog
ZDG-7898582501458,Zee.Dog Wings - Juguete para perro,Juguete Wings Zee.Dog
ZDG-7898582501465,Zee.Dog Wishbone - Juguete para perro,Juguete Wishbone Zee.Dog
ZDG-7898582508174,Zee.Dog Zee.Bowl - Plato ajustable para perro Bordeau,Plato Zee.Bowl Bordeau
ZDG-7898582508198,Zee.Dog Zee.Bowl - Plato ajustable para perro Gotham,Plato Zee.Bowl Gotham
